{
	"$schema":"https://schema.management.azure.com/schemas/2019-04-01/deploymentTemplate.json#",
	"contentVersion":"1.0.0.0",
	"parameters":{
	   "clusterResourceName":{
		  "type":"String",
		  "metadata":{
			 "description":"The name of the Managed Cluster resource."
		  }
	   },
	   "createNewCluster":{
		  "type":"Bool",
		  "defaultValue":true,
		  "metadata":{
			 "description":"When set to 'true', creates new AKS cluster. Otherwise, an existing cluster is used."
		  }
	   },
	   "location":{
		  "type":"String",
		  "allowedValues":[
			 "eastus",
			 "westcentralus",
			 "westeurope"
		  ],
		  "metadata":{
			 "description":"The location of AKS resource."
		  }
	   },
	   "vmSize":{
		  "type":"String",
		  "allowedValues":[
			 "Standard_B4ms",
			 "Standard_DS2_v2",
			 "Standard_D4s_v3"
		  ],
		  "defaultValue":"Standard_DS2_v2",
		  "metadata":{
			 "description":"VM size"
		  }
	   },
	   "vmEnableAutoScale":{
		  "type":"Bool",
		  "defaultValue":true,
		  "metadata":{
			 "description":"enable auto scaling"
		  }
	   },
	   "vmCount":{
		  "type":"Int",
		  "defaultValue":3,
		  "metadata":{
			 "description":"VM count"
		  }
	   },
	   "osDiskSizeGB":{
		  "defaultValue":650,
		  "minValue":0,
		  "maxValue":1023,
		  "type":"Int",
		  "metadata":{
			 "description":"Disk size (in GiB) to provision for each of the agent pool nodes. This value ranges from 0 to 1023. Specifying 0 will apply the default disk size for that agentVMSize."
		  }
	   },
	   "kubernetesVersion":{
		  "type":"String",
		  "defaultValue":"1.26.0",
		  "metadata":{
			 "description":"The version of Kubernetes."
		  }
	   },
	   "networkPlugin":{
		  "defaultValue":"kubenet",
		  "allowedValues":[
			 "azure",
			 "kubenet"
		  ],
		  "type":"String",
		  "metadata":{
			 "description":"Network plugin used for building Kubernetes network."
		  }
	   }
	},
	"variables":{
	   "dnsPrefix":"[concat(parameters('clusterResourceName'),'-dns')]",
	   "osDiskSizeGB":"[int(parameters('osDiskSizeGB'))]"
	},
	"resources":[
	   {
		  "type":"Microsoft.ContainerService/managedClusters",
		  "condition":"[parameters('createNewCluster')]",
		  "apiVersion":"2022-03-01",
		  "name":"[parameters('clusterResourceName')]",
		  "location":"[parameters('location')]",
		  "sku":{
			 "name":"Basic",
			 "tier":"Free"
		  },
		  "identity":{
			 "type":"SystemAssigned"
		  },
		  "properties":{
			 "kubernetesVersion":"[parameters('kubernetesVersion')]",
			 "dnsPrefix":"[variables('dnsPrefix')]",
			 "agentPoolProfiles":[
				{
				   "name":"agentpool",
				   "osDiskSizeGB":"[variables('osDiskSizeGB')]",
				   "count":"[parameters('vmCount')]",
				   "enableAutoScaling":"[parameters('vmEnableAutoScale')]",
				   "minCount":1,
				   "maxCount":10,
				   "vmSize":"[parameters('vmSize')]",
				   "osType":"Linux",
				   "storageProfile":"ManagedDisks",
				   "type":"VirtualMachineScaleSets",
				   "mode":"System",
				   "maxPods":110,
				   "enableNodePublicIP":false
				}
			 ],
			 "networkProfile":{
				"loadBalancerSku":"standard",
				"networkPlugin":"[parameters('networkPlugin')]"
			 }
		  }
	   }
	],
	"outputs":{
	   
	}
 }